customer_id,age,income,city,order_date,quantity
001,25,12000000, Ha Noi ,01/08/2026,2
002,32,18000000,HCM,02/08/2026,3
003,,15000000,Da Nang,03/08/2026,1
004,41,25000000,ha noi,04/08/2026,4
005,29,,HCM,05/08/2026,2
006,35,21000000,Da Nang ,06/08/2026,2
007,28,16000000,HCM,07/08/2026,1
008,150,17000000,Ha Noi,08/08/2026,3
009,24,13000000,HCM,09/08/2026,2
010,31,19000000,Da Nang,10/08/2026,2
011,36,22000000,Ha Noi,11/08/2026,3
012,27,14000000,HCM,12/08/2026,1
013,30,20000000,Da Nang,13/08/2026,4
014,33,2000000000,Ha Noi,14/08/2026,2
015,26,unknown,HCM,31/02/2026,2
016,40,26000000,Da Nang,16/08/2026,3
017,38,24000000,Ha Noi,17/08/2026,2
018,23,11000000, HCM ,18/08/2026,1
019,34,20500000,Da Nang,19/08/2026,3
020,37,23000000,Ha Noi,20/08/2026,2
002,32,18000000,HCM,02/08/2026,3

